<?xml version="1.0" encoding="UTF-8"?><rss version="2.0"
	xmlns:content="http://purl.org/rss/1.0/modules/content/"
	xmlns:dc="http://purl.org/dc/elements/1.1/"
	xmlns:atom="http://www.w3.org/2005/Atom"
	xmlns:sy="http://purl.org/rss/1.0/modules/syndication/"
	
	>
<channel>
	<title>
	Commenti a: Focaccia Barese 530g	</title>
	<atom:link href="http://localhost/esperimento-woo/prodotto/significant-other-faux-leather-dress/feed/?simply_static_page=244" rel="self" type="application/rss+xml" />
	<link>/prodotto/significant-other-faux-leather-dress/</link>
	<description></description>
	<lastBuildDate>Fri, 24 Mar 2023 16:56:24 +0000</lastBuildDate>
	<sy:updatePeriod>
	hourly	</sy:updatePeriod>
	<sy:updateFrequency>
	1	</sy:updateFrequency>
	<generator>https://wordpress.org/?v=6.1.1</generator>
	<item>
		<title>
		Di: Henry		</title>
		<link>/prodotto/significant-other-faux-leather-dress/#comment-16</link>

		<dc:creator><![CDATA[Henry]]></dc:creator>
		<pubDate>Thu, 09 Jun 2022 11:32:53 +0000</pubDate>
		<guid isPermaLink="false">https://nicktesting.kinsta.cloud/shopdiko1/?post_type=product&#038;p=380#comment-16</guid>

					<description><![CDATA[]]></description>
			<content:encoded><![CDATA[]]></content:encoded>
		
			</item>
	</channel>
</rss>
