<?xml version="1.0" encoding="UTF-8"?><rss version="2.0"
	xmlns:content="http://purl.org/rss/1.0/modules/content/"
	xmlns:wfw="http://wellformedweb.org/CommentAPI/"
	xmlns:dc="http://purl.org/dc/elements/1.1/"
	xmlns:atom="http://www.w3.org/2005/Atom"
	xmlns:sy="http://purl.org/rss/1.0/modules/syndication/"
	xmlns:slash="http://purl.org/rss/1.0/modules/slash/"
	>

<channel>
	<title>Prodotti &#8211; L&#039;Antica Fornace</title>
	<atom:link href="http://localhost/esperimento-woo/shop-wooshop-v1/feed/?simply_static_page=189" rel="self" type="application/rss+xml" />
	<link></link>
	<description></description>
	<lastBuildDate>Fri, 24 Mar 2023 16:56:34 +0000</lastBuildDate>
	<language>it-IT</language>
	<sy:updatePeriod>
	hourly	</sy:updatePeriod>
	<sy:updateFrequency>
	1	</sy:updateFrequency>
	<generator>https://wordpress.org/?v=6.1.1</generator>

<image>
	<url>/wp-content/uploads/2023/03/cropped-Logo_panaderia_vintage_negro_gris-removebg-preview-1-32x32.png</url>
	<title>Prodotti &#8211; L&#039;Antica Fornace</title>
	<link></link>
	<width>32</width>
	<height>32</height>
</image> 
	<item>
		<title>PaneBio 1Kg</title>
		<link>/prodotto/panebio-1kg/</link>
					<comments>/prodotto/panebio-1kg/#comments</comments>
		
		<dc:creator><![CDATA[Francesco]]></dc:creator>
		<pubDate>Thu, 09 Jun 2022 07:48:52 +0000</pubDate>
				<guid isPermaLink="false">https://nicktesting.kinsta.cloud/shopdiko1/?post_type=product&#038;p=409</guid>

					<description><![CDATA[Il PaneBio da 1Kg è un <strong>pane biologico</strong>, realizzato ogni giorno con <strong>farina tipo 0</strong> del Mulino Marino e il nostro lievito madre, è formato a mano e cotto su pietra nel nostro<strong> forno a legna</strong>​.

<strong>Il PaneBio de L'Antica Fornace</strong> è un prodotto eccezionale per tutti i giorni, per valorizzare salumi, formaggi, insalate o per creare dei piatti che avranno <strong>un sapore unico. </strong>]]></description>
										<content:encoded><![CDATA[Il PaneBio da 1Kg è un <strong>pane biologico</strong>, realizzato ogni giorno con <strong>farina tipo 0</strong> del Mulino Marino e il nostro lievito madre, è formato a mano e cotto su pietra nel nostro<strong> forno a legna</strong>​.

<strong>Il PaneBio de L'Antica Fornace</strong> è un prodotto eccezionale per tutti i giorni, per valorizzare salumi, formaggi, insalate o per creare dei piatti che avranno <strong>un sapore unico. </strong>]]></content:encoded>
					
					<wfw:commentRss>/prodotto/panebio-1kg/feed/</wfw:commentRss>
			<slash:comments>2</slash:comments>
		
		
			</item>
		<item>
		<title>Pane 100% Farina di Segale 800g</title>
		<link>/prodotto/pane-100-farina-di-segale-800g/</link>
					<comments>/prodotto/pane-100-farina-di-segale-800g/#comments</comments>
		
		<dc:creator><![CDATA[Francesco]]></dc:creator>
		<pubDate>Thu, 09 Jun 2022 07:46:56 +0000</pubDate>
				<guid isPermaLink="false">https://nicktesting.kinsta.cloud/shopdiko1/?post_type=product&#038;p=407</guid>

					<description><![CDATA[Il Pane<strong> 100% Farina di Segale</strong> de L'<strong>Antica Fornace</strong>: un pane molto gustoso e con un sapore unico, che ha il profumo dei campi di <strong>cereali.</strong>

Un pane gustoso, realizzato con cura e attenzione e sfornato ogni giorno dai ragazzi delle nostre <strong>panetterie</strong> per permetterti di portare in tavola un prodotto autentico, genuino e che profuma e sa di cose buone.

Provalo per accompagnare i tuoi pranzi e le tue cene e vedrai, non ne farai più a meno!]]></description>
										<content:encoded><![CDATA[Il Pane<strong> 100% Farina di Segale</strong> de L'<strong>Antica Fornace</strong>: un pane molto gustoso e con un sapore unico, che ha il profumo dei campi di <strong>cereali.</strong>

Un pane gustoso, realizzato con cura e attenzione e sfornato ogni giorno dai ragazzi delle nostre <strong>panetterie</strong> per permetterti di portare in tavola un prodotto autentico, genuino e che profuma e sa di cose buone.

Provalo per accompagnare i tuoi pranzi e le tue cene e vedrai, non ne farai più a meno!]]></content:encoded>
					
					<wfw:commentRss>/prodotto/pane-100-farina-di-segale-800g/feed/</wfw:commentRss>
			<slash:comments>2</slash:comments>
		
		
			</item>
		<item>
		<title>Pane Integrale Bio 700g</title>
		<link>/prodotto/pane-integrale-bio-700g/</link>
					<comments>/prodotto/pane-integrale-bio-700g/#comments</comments>
		
		<dc:creator><![CDATA[Francesco]]></dc:creator>
		<pubDate>Thu, 09 Jun 2022 07:44:36 +0000</pubDate>
				<guid isPermaLink="false">https://nicktesting.kinsta.cloud/shopdiko1/?post_type=product&#038;p=405</guid>

					<description><![CDATA[<b>Il Pane Integrale Bio de L'Antica Fornace</b> è davvero integrale! Viene prodotto con farina integrale del Mulino Marino, <b>lievito madre integrale</b>, sale grigio integrale e cotto in forno a legna.

La farina è biologica certificata e <strong>macinata a pietra naturale</strong>. Grazie a questo tipo di lavorazione il chicco viene macinato in maniera completa e a bassa temperatura, mantenendo intatte tutte le caratteristiche nutrizionali.

Il nostro <strong>pane integrale</strong> è  gustoso e profumato. Una delizia tutta da assaporare!]]></description>
										<content:encoded><![CDATA[<b>Il Pane Integrale Bio de L'Antica Fornace</b> è davvero integrale! Viene prodotto con farina integrale del Mulino Marino, <b>lievito madre integrale</b>, sale grigio integrale e cotto in forno a legna.

La farina è biologica certificata e <strong>macinata a pietra naturale</strong>. Grazie a questo tipo di lavorazione il chicco viene macinato in maniera completa e a bassa temperatura, mantenendo intatte tutte le caratteristiche nutrizionali.

Il nostro <strong>pane integrale</strong> è  gustoso e profumato. Una delizia tutta da assaporare!]]></content:encoded>
					
					<wfw:commentRss>/prodotto/pane-integrale-bio-700g/feed/</wfw:commentRss>
			<slash:comments>2</slash:comments>
		
		
			</item>
		<item>
		<title>Baguette 350g</title>
		<link>/prodotto/baguette/</link>
					<comments>/prodotto/baguette/#comments</comments>
		
		<dc:creator><![CDATA[Francesco]]></dc:creator>
		<pubDate>Thu, 09 Jun 2022 07:43:58 +0000</pubDate>
				<guid isPermaLink="false">https://nicktesting.kinsta.cloud/shopdiko1/?post_type=product&#038;p=404</guid>

					<description><![CDATA[<strong>La Baguette de L'Antica Fornace</strong>, nasce dalla tradizione francese, ma è <strong>impastata a mano</strong> e sfornata in Italia dalle mani dei nostri panettieri tutti i giorni.

Prende vita dal perfetto equilibrio rapporto del lievito madre con la <strong>farina tipo 0</strong>.

Croccante fuori e morbida dentro, dà il meglio di sé se consumata lo stesso giorno dell’acquisto, magari leggermente tiepida: avrà una fragranza impagabile.]]></description>
										<content:encoded><![CDATA[<strong>La Baguette de L'Antica Fornace</strong>, nasce dalla tradizione francese, ma è <strong>impastata a mano</strong> e sfornata in Italia dalle mani dei nostri panettieri tutti i giorni.

Prende vita dal perfetto equilibrio rapporto del lievito madre con la <strong>farina tipo 0</strong>.

Croccante fuori e morbida dentro, dà il meglio di sé se consumata lo stesso giorno dell’acquisto, magari leggermente tiepida: avrà una fragranza impagabile.]]></content:encoded>
					
					<wfw:commentRss>/prodotto/baguette/feed/</wfw:commentRss>
			<slash:comments>2</slash:comments>
		
		
			</item>
		<item>
		<title>Focaccia Barese 530g</title>
		<link>/prodotto/significant-other-faux-leather-dress/</link>
					<comments>/prodotto/significant-other-faux-leather-dress/#comments</comments>
		
		<dc:creator><![CDATA[Francesco]]></dc:creator>
		<pubDate>Thu, 09 Jun 2022 07:21:54 +0000</pubDate>
				<guid isPermaLink="false">https://nicktesting.kinsta.cloud/shopdiko1/?post_type=product&#038;p=380</guid>

					<description><![CDATA[<strong>Focaccia Barese de L'Antica Fornace</strong>: la focaccia barese è diventata un simbolo della Puglia e del <strong>Made in Italy</strong> in tutto il mondo.

Quella di <strong>L'Antica Fornace</strong> nasce secondo la ricetta originale e il risultato lo dimostra: saporita, croccante ai bordi e soffice al centro e ricoperta di pomodori.

<strong>I nostri panettieri</strong> l’hanno sfornata oggi: acquistala per una pausa pranzo gustosa o per uno spuntino saporito!]]></description>
										<content:encoded><![CDATA[<strong>Focaccia Barese de L'Antica Fornace</strong>: la focaccia barese è diventata un simbolo della Puglia e del <strong>Made in Italy</strong> in tutto il mondo.

Quella di <strong>L'Antica Fornace</strong> nasce secondo la ricetta originale e il risultato lo dimostra: saporita, croccante ai bordi e soffice al centro e ricoperta di pomodori.

<strong>I nostri panettieri</strong> l’hanno sfornata oggi: acquistala per una pausa pranzo gustosa o per uno spuntino saporito!]]></content:encoded>
					
					<wfw:commentRss>/prodotto/significant-other-faux-leather-dress/feed/</wfw:commentRss>
			<slash:comments>1</slash:comments>
		
		
			</item>
		<item>
		<title>Focaccia Genovese Bianca 100g</title>
		<link>/prodotto/focaccia-genovese-bianca-100g/</link>
					<comments>/prodotto/focaccia-genovese-bianca-100g/#comments</comments>
		
		<dc:creator><![CDATA[Francesco]]></dc:creator>
		<pubDate>Thu, 09 Jun 2022 07:17:33 +0000</pubDate>
				<guid isPermaLink="false">https://nicktesting.kinsta.cloud/shopdiko1/?post_type=product&#038;p=364</guid>

					<description><![CDATA[<strong>Focaccia Genovese Bianca 100g de L'Antica Fornace</strong>: ogni giorno sforniamo la vera focaccia genovese, preparata secondo la ricetta tradizionale ligure. Farina tipo 0, lievito di birra, sale, malto, olio extravergine e acqua sono gli unici ingredienti: il risultato è un prodotto da forno unto nella giusta misura, soffice e bianco/dorato.

In bocca la focaccia genovese bianca di L'Antica Fornace risulta equilibrata, <strong>mai gommosa</strong> e con qualche lieve sfumatura amarognola data dall’ottimo olio ligure: provala appena sfornata dai nostri panettieri!]]></description>
										<content:encoded><![CDATA[<strong>Focaccia Genovese Bianca 100g de L'Antica Fornace</strong>: ogni giorno sforniamo la vera focaccia genovese, preparata secondo la ricetta tradizionale ligure. Farina tipo 0, lievito di birra, sale, malto, olio extravergine e acqua sono gli unici ingredienti: il risultato è un prodotto da forno unto nella giusta misura, soffice e bianco/dorato.

In bocca la focaccia genovese bianca di L'Antica Fornace risulta equilibrata, <strong>mai gommosa</strong> e con qualche lieve sfumatura amarognola data dall’ottimo olio ligure: provala appena sfornata dai nostri panettieri!]]></content:encoded>
					
					<wfw:commentRss>/prodotto/focaccia-genovese-bianca-100g/feed/</wfw:commentRss>
			<slash:comments>2</slash:comments>
		
		
			</item>
		<item>
		<title>Focaccia Con Cipolle 150g</title>
		<link>/prodotto/focaccia-con-cipolle-150g/</link>
					<comments>/prodotto/focaccia-con-cipolle-150g/#comments</comments>
		
		<dc:creator><![CDATA[Francesco]]></dc:creator>
		<pubDate>Tue, 07 Jun 2022 10:21:37 +0000</pubDate>
				<guid isPermaLink="false">https://nicktesting.kinsta.cloud/shopdiko1/?post_type=product&#038;p=83</guid>

					<description><![CDATA[<strong>Focaccia con Cipolle</strong> de <strong>L'Antica Fornac</strong>e: uno sfizio golosissimo, perfetta per ogni momento in cui vuoi concederti una pausa e una piccola coccola.

Appartiene alla tradizione ligure, ed in particolare a Genova è un prodotto particolarmente diffuso ed amato, tanto che viene considerata da molti una vera istituzione, al pari della focaccia più standard. L'impasto morbido e ricco di olio, viene arricchito in questa versione da gusto inconfondibile della cipolla, che regala un tocco di originalità e di sapore a cui è davvero difficile resistere.

Provala come sostituto del pane o da sola, per merenda.]]></description>
										<content:encoded><![CDATA[<strong>Focaccia con Cipolle</strong> de <strong>L'Antica Fornac</strong>e: uno sfizio golosissimo, perfetta per ogni momento in cui vuoi concederti una pausa e una piccola coccola.

Appartiene alla tradizione ligure, ed in particolare a Genova è un prodotto particolarmente diffuso ed amato, tanto che viene considerata da molti una vera istituzione, al pari della focaccia più standard. L'impasto morbido e ricco di olio, viene arricchito in questa versione da gusto inconfondibile della cipolla, che regala un tocco di originalità e di sapore a cui è davvero difficile resistere.

Provala come sostituto del pane o da sola, per merenda.]]></content:encoded>
					
					<wfw:commentRss>/prodotto/focaccia-con-cipolle-150g/feed/</wfw:commentRss>
			<slash:comments>1</slash:comments>
		
		
			</item>
		<item>
		<title>Casatiello 1kg</title>
		<link>/prodotto/casatiello-1kg/</link>
					<comments>/prodotto/casatiello-1kg/#comments</comments>
		
		<dc:creator><![CDATA[Francesco]]></dc:creator>
		<pubDate>Tue, 07 Jun 2022 10:06:29 +0000</pubDate>
				<guid isPermaLink="false">https://nicktesting.kinsta.cloud/shopdiko1/?post_type=product&#038;p=78</guid>

					<description><![CDATA[Il <strong>casatiello</strong> de La Panetteria di L'Antica Fornace è una torta salata tipica della cucina napoletana. Rustica e corposa ha un impasto ricco a base di uova, salame, Parmigiano Reggiano DOP e Pecorino. Viene preparata ogni giorno nella nostra<strong> Panetteria</strong> secondo la ricetta tradizionale.]]></description>
										<content:encoded><![CDATA[Il <strong>casatiello</strong> de La Panetteria di L'Antica Fornace è una torta salata tipica della cucina napoletana. Rustica e corposa ha un impasto ricco a base di uova, salame, Parmigiano Reggiano DOP e Pecorino. Viene preparata ogni giorno nella nostra<strong> Panetteria</strong> secondo la ricetta tradizionale.]]></content:encoded>
					
					<wfw:commentRss>/prodotto/casatiello-1kg/feed/</wfw:commentRss>
			<slash:comments>2</slash:comments>
		
		
			</item>
		<item>
		<title>Torta Al Formaggio 1kg</title>
		<link>/prodotto/torta-al-formaggio-1kg/</link>
					<comments>/prodotto/torta-al-formaggio-1kg/#comments</comments>
		
		<dc:creator><![CDATA[Francesco]]></dc:creator>
		<pubDate>Tue, 07 Jun 2022 09:52:50 +0000</pubDate>
				<guid isPermaLink="false">https://nicktesting.kinsta.cloud/shopdiko1/?post_type=product&#038;p=71</guid>

					<description><![CDATA[La <strong>torta al formaggio</strong> de <strong>L'Antica Fornace</strong>: un prodotto tipico di Umbria, Marche e Lazio e si mangia tradizionalmente a colazione il giorno di Pasqua.

È un pane saporito e soffice, che contiene grana padano, pecorino romano, emmentaler grattugiati o a tocchetti.

La torta al formaggio nella tradizione del centro Italia si consuma insieme ai salumi, in particolare al salame. Ideale per una colazione salata.]]></description>
										<content:encoded><![CDATA[La <strong>torta al formaggio</strong> de <strong>L'Antica Fornace</strong>: un prodotto tipico di Umbria, Marche e Lazio e si mangia tradizionalmente a colazione il giorno di Pasqua.

È un pane saporito e soffice, che contiene grana padano, pecorino romano, emmentaler grattugiati o a tocchetti.

La torta al formaggio nella tradizione del centro Italia si consuma insieme ai salumi, in particolare al salame. Ideale per una colazione salata.]]></content:encoded>
					
					<wfw:commentRss>/prodotto/torta-al-formaggio-1kg/feed/</wfw:commentRss>
			<slash:comments>2</slash:comments>
		
		
			</item>
		<item>
		<title>Torta Alle Mele 550g</title>
		<link>/prodotto/torta-alle-mele-500g/</link>
					<comments>/prodotto/torta-alle-mele-500g/#comments</comments>
		
		<dc:creator><![CDATA[Francesco]]></dc:creator>
		<pubDate>Tue, 07 Jun 2022 08:46:48 +0000</pubDate>
				<guid isPermaLink="false">https://nicktesting.kinsta.cloud/shopdiko1/?post_type=product&#038;p=53</guid>

					<description><![CDATA[La <strong>Torta di Mele</strong> viene preparata da <strong>L'Antica Fornace</strong> con mele Golden: un dolce tradizionale che non passa mai di moda.

Soffice, profumata e dal gusto delicato, piace praticamente a tutti!

Gusta la Torta di Mele de <strong>L'Antica Fornac</strong>e a colazione o a merenda, non potrai più farne a meno.]]></description>
										<content:encoded><![CDATA[<p>.</p>
]]></content:encoded>
					
					<wfw:commentRss>/prodotto/torta-alle-mele-500g/feed/</wfw:commentRss>
			<slash:comments>3</slash:comments>
		
		
			</item>
	</channel>
</rss>
