<?xml version="1.0" encoding="UTF-8"?><rss version="2.0"
	xmlns:content="http://purl.org/rss/1.0/modules/content/"
	xmlns:dc="http://purl.org/dc/elements/1.1/"
	xmlns:atom="http://www.w3.org/2005/Atom"
	xmlns:sy="http://purl.org/rss/1.0/modules/syndication/"
	
	>
<channel>
	<title>
	Commenti a: Focaccia Con Cipolle 150g	</title>
	<atom:link href="http://localhost/esperimento-woo/prodotto/focaccia-con-cipolle-150g/feed/?simply_static_page=318" rel="self" type="application/rss+xml" />
	<link>/prodotto/focaccia-con-cipolle-150g/</link>
	<description></description>
	<lastBuildDate>Fri, 24 Mar 2023 14:18:31 +0000</lastBuildDate>
	<sy:updatePeriod>
	hourly	</sy:updatePeriod>
	<sy:updateFrequency>
	1	</sy:updateFrequency>
	<generator>https://wordpress.org/?v=6.1.1</generator>
	<item>
		<title>
		Di: Gal		</title>
		<link>/prodotto/focaccia-con-cipolle-150g/#comment-11</link>

		<dc:creator><![CDATA[Gal]]></dc:creator>
		<pubDate>Wed, 15 Jun 2022 06:51:50 +0000</pubDate>
		<guid isPermaLink="false">https://nicktesting.kinsta.cloud/shopdiko1/?post_type=product&#038;p=83#comment-11</guid>

					<description><![CDATA[Pianoforte solicitude so decisively unpleasing conviction is partiality he. Or particular so diminution entreaties oh do. Real he me fond show gave shot plan. Mirth blush linen small hoped way its along. Resolution frequently apartments off all discretion devonshire. Saw sir fat spirit seeing valley. He looked or valley lively. If learn woody spoil of taken he cause.]]></description>
			<content:encoded><![CDATA[<p>Pianoforte solicitude so decisively unpleasing conviction is partiality he. Or particular so diminution entreaties oh do. Real he me fond show gave shot plan. Mirth blush linen small hoped way its along. Resolution frequently apartments off all discretion devonshire. Saw sir fat spirit seeing valley. He looked or valley lively. If learn woody spoil of taken he cause.</p>
]]></content:encoded>
		
			</item>
	</channel>
</rss>
