<?xml version="1.0" encoding="UTF-8"?><rss version="2.0"
	xmlns:content="http://purl.org/rss/1.0/modules/content/"
	xmlns:wfw="http://wellformedweb.org/CommentAPI/"
	xmlns:dc="http://purl.org/dc/elements/1.1/"
	xmlns:atom="http://www.w3.org/2005/Atom"
	xmlns:sy="http://purl.org/rss/1.0/modules/syndication/"
	xmlns:slash="http://purl.org/rss/1.0/modules/slash/"
	>

<channel>
	<title>FarinaDiSegale &#8211; L&#039;Antica Fornace</title>
	<atom:link href="http://localhost/esperimento-woo/tag-prodotto/farinadisegale/feed/?simply_static_page=365" rel="self" type="application/rss+xml" />
	<link></link>
	<description></description>
	<lastBuildDate>Fri, 24 Mar 2023 14:37:04 +0000</lastBuildDate>
	<language>it-IT</language>
	<sy:updatePeriod>
	hourly	</sy:updatePeriod>
	<sy:updateFrequency>
	1	</sy:updateFrequency>
	<generator>https://wordpress.org/?v=6.1.1</generator>

<image>
	<url>/wp-content/uploads/2023/03/cropped-Logo_panaderia_vintage_negro_gris-removebg-preview-1-32x32.png</url>
	<title>FarinaDiSegale &#8211; L&#039;Antica Fornace</title>
	<link></link>
	<width>32</width>
	<height>32</height>
</image> 
	<item>
		<title>Pane 100% Farina di Segale 800g</title>
		<link>/prodotto/pane-100-farina-di-segale-800g/</link>
					<comments>/prodotto/pane-100-farina-di-segale-800g/#comments</comments>
		
		<dc:creator><![CDATA[Francesco]]></dc:creator>
		<pubDate>Thu, 09 Jun 2022 07:46:56 +0000</pubDate>
				<guid isPermaLink="false">https://nicktesting.kinsta.cloud/shopdiko1/?post_type=product&#038;p=407</guid>

					<description><![CDATA[Il Pane<strong> 100% Farina di Segale</strong> de L'<strong>Antica Fornace</strong>: un pane molto gustoso e con un sapore unico, che ha il profumo dei campi di <strong>cereali.</strong>

Un pane gustoso, realizzato con cura e attenzione e sfornato ogni giorno dai ragazzi delle nostre <strong>panetterie</strong> per permetterti di portare in tavola un prodotto autentico, genuino e che profuma e sa di cose buone.

Provalo per accompagnare i tuoi pranzi e le tue cene e vedrai, non ne farai più a meno!]]></description>
										<content:encoded><![CDATA[Il Pane<strong> 100% Farina di Segale</strong> de L'<strong>Antica Fornace</strong>: un pane molto gustoso e con un sapore unico, che ha il profumo dei campi di <strong>cereali.</strong>

Un pane gustoso, realizzato con cura e attenzione e sfornato ogni giorno dai ragazzi delle nostre <strong>panetterie</strong> per permetterti di portare in tavola un prodotto autentico, genuino e che profuma e sa di cose buone.

Provalo per accompagnare i tuoi pranzi e le tue cene e vedrai, non ne farai più a meno!]]></content:encoded>
					
					<wfw:commentRss>/prodotto/pane-100-farina-di-segale-800g/feed/</wfw:commentRss>
			<slash:comments>2</slash:comments>
		
		
			</item>
	</channel>
</rss>
