<?xml version="1.0" encoding="UTF-8"?><rss version="2.0"
	xmlns:content="http://purl.org/rss/1.0/modules/content/"
	xmlns:wfw="http://wellformedweb.org/CommentAPI/"
	xmlns:dc="http://purl.org/dc/elements/1.1/"
	xmlns:atom="http://www.w3.org/2005/Atom"
	xmlns:sy="http://purl.org/rss/1.0/modules/syndication/"
	xmlns:slash="http://purl.org/rss/1.0/modules/slash/"
	>

<channel>
	<title>Torte e Crostate &#8211; L&#039;Antica Fornace</title>
	<atom:link href="http://localhost/esperimento-woo/categoria-prodotto/torte-e-crostate/feed/?simply_static_page=202" rel="self" type="application/rss+xml" />
	<link></link>
	<description></description>
	<lastBuildDate>Fri, 24 Mar 2023 16:56:13 +0000</lastBuildDate>
	<language>it-IT</language>
	<sy:updatePeriod>
	hourly	</sy:updatePeriod>
	<sy:updateFrequency>
	1	</sy:updateFrequency>
	<generator>https://wordpress.org/?v=6.1.1</generator>

<image>
	<url>/wp-content/uploads/2023/03/cropped-Logo_panaderia_vintage_negro_gris-removebg-preview-1-32x32.png</url>
	<title>Torte e Crostate &#8211; L&#039;Antica Fornace</title>
	<link></link>
	<width>32</width>
	<height>32</height>
</image> 
	<item>
		<title>Casatiello 1kg</title>
		<link>/prodotto/casatiello-1kg/</link>
					<comments>/prodotto/casatiello-1kg/#comments</comments>
		
		<dc:creator><![CDATA[Francesco]]></dc:creator>
		<pubDate>Tue, 07 Jun 2022 10:06:29 +0000</pubDate>
				<guid isPermaLink="false">https://nicktesting.kinsta.cloud/shopdiko1/?post_type=product&#038;p=78</guid>

					<description><![CDATA[Il <strong>casatiello</strong> de La Panetteria di L'Antica Fornace è una torta salata tipica della cucina napoletana. Rustica e corposa ha un impasto ricco a base di uova, salame, Parmigiano Reggiano DOP e Pecorino. Viene preparata ogni giorno nella nostra<strong> Panetteria</strong> secondo la ricetta tradizionale.]]></description>
										<content:encoded><![CDATA[Il <strong>casatiello</strong> de La Panetteria di L'Antica Fornace è una torta salata tipica della cucina napoletana. Rustica e corposa ha un impasto ricco a base di uova, salame, Parmigiano Reggiano DOP e Pecorino. Viene preparata ogni giorno nella nostra<strong> Panetteria</strong> secondo la ricetta tradizionale.]]></content:encoded>
					
					<wfw:commentRss>/prodotto/casatiello-1kg/feed/</wfw:commentRss>
			<slash:comments>2</slash:comments>
		
		
			</item>
		<item>
		<title>Torta Al Formaggio 1kg</title>
		<link>/prodotto/torta-al-formaggio-1kg/</link>
					<comments>/prodotto/torta-al-formaggio-1kg/#comments</comments>
		
		<dc:creator><![CDATA[Francesco]]></dc:creator>
		<pubDate>Tue, 07 Jun 2022 09:52:50 +0000</pubDate>
				<guid isPermaLink="false">https://nicktesting.kinsta.cloud/shopdiko1/?post_type=product&#038;p=71</guid>

					<description><![CDATA[La <strong>torta al formaggio</strong> de <strong>L'Antica Fornace</strong>: un prodotto tipico di Umbria, Marche e Lazio e si mangia tradizionalmente a colazione il giorno di Pasqua.

È un pane saporito e soffice, che contiene grana padano, pecorino romano, emmentaler grattugiati o a tocchetti.

La torta al formaggio nella tradizione del centro Italia si consuma insieme ai salumi, in particolare al salame. Ideale per una colazione salata.]]></description>
										<content:encoded><![CDATA[La <strong>torta al formaggio</strong> de <strong>L'Antica Fornace</strong>: un prodotto tipico di Umbria, Marche e Lazio e si mangia tradizionalmente a colazione il giorno di Pasqua.

È un pane saporito e soffice, che contiene grana padano, pecorino romano, emmentaler grattugiati o a tocchetti.

La torta al formaggio nella tradizione del centro Italia si consuma insieme ai salumi, in particolare al salame. Ideale per una colazione salata.]]></content:encoded>
					
					<wfw:commentRss>/prodotto/torta-al-formaggio-1kg/feed/</wfw:commentRss>
			<slash:comments>2</slash:comments>
		
		
			</item>
		<item>
		<title>Torta Alle Mele 550g</title>
		<link>/prodotto/torta-alle-mele-500g/</link>
					<comments>/prodotto/torta-alle-mele-500g/#comments</comments>
		
		<dc:creator><![CDATA[Francesco]]></dc:creator>
		<pubDate>Tue, 07 Jun 2022 08:46:48 +0000</pubDate>
				<guid isPermaLink="false">https://nicktesting.kinsta.cloud/shopdiko1/?post_type=product&#038;p=53</guid>

					<description><![CDATA[La <strong>Torta di Mele</strong> viene preparata da <strong>L'Antica Fornace</strong> con mele Golden: un dolce tradizionale che non passa mai di moda.

Soffice, profumata e dal gusto delicato, piace praticamente a tutti!

Gusta la Torta di Mele de <strong>L'Antica Fornac</strong>e a colazione o a merenda, non potrai più farne a meno.]]></description>
										<content:encoded><![CDATA[<p>.</p>
]]></content:encoded>
					
					<wfw:commentRss>/prodotto/torta-alle-mele-500g/feed/</wfw:commentRss>
			<slash:comments>3</slash:comments>
		
		
			</item>
	</channel>
</rss>
