<?xml version="1.0" encoding="UTF-8"?><rss version="2.0"
	xmlns:content="http://purl.org/rss/1.0/modules/content/"
	xmlns:wfw="http://wellformedweb.org/CommentAPI/"
	xmlns:dc="http://purl.org/dc/elements/1.1/"
	xmlns:atom="http://www.w3.org/2005/Atom"
	xmlns:sy="http://purl.org/rss/1.0/modules/syndication/"
	xmlns:slash="http://purl.org/rss/1.0/modules/slash/"
	>

<channel>
	<title>PaneIntegrale &#8211; L&#039;Antica Fornace</title>
	<atom:link href="http://localhost/esperimento-woo/tag-prodotto/paneintegrale/feed/?simply_static_page=378" rel="self" type="application/rss+xml" />
	<link></link>
	<description></description>
	<lastBuildDate>Fri, 24 Mar 2023 15:32:28 +0000</lastBuildDate>
	<language>it-IT</language>
	<sy:updatePeriod>
	hourly	</sy:updatePeriod>
	<sy:updateFrequency>
	1	</sy:updateFrequency>
	<generator>https://wordpress.org/?v=6.1.1</generator>

<image>
	<url>/wp-content/uploads/2023/03/cropped-Logo_panaderia_vintage_negro_gris-removebg-preview-1-32x32.png</url>
	<title>PaneIntegrale &#8211; L&#039;Antica Fornace</title>
	<link></link>
	<width>32</width>
	<height>32</height>
</image> 
	<item>
		<title>Pane Integrale Bio 700g</title>
		<link>/prodotto/pane-integrale-bio-700g/</link>
					<comments>/prodotto/pane-integrale-bio-700g/#comments</comments>
		
		<dc:creator><![CDATA[Francesco]]></dc:creator>
		<pubDate>Thu, 09 Jun 2022 07:44:36 +0000</pubDate>
				<guid isPermaLink="false">https://nicktesting.kinsta.cloud/shopdiko1/?post_type=product&#038;p=405</guid>

					<description><![CDATA[<b>Il Pane Integrale Bio de L'Antica Fornace</b> è davvero integrale! Viene prodotto con farina integrale del Mulino Marino, <b>lievito madre integrale</b>, sale grigio integrale e cotto in forno a legna.

La farina è biologica certificata e <strong>macinata a pietra naturale</strong>. Grazie a questo tipo di lavorazione il chicco viene macinato in maniera completa e a bassa temperatura, mantenendo intatte tutte le caratteristiche nutrizionali.

Il nostro <strong>pane integrale</strong> è  gustoso e profumato. Una delizia tutta da assaporare!]]></description>
										<content:encoded><![CDATA[<b>Il Pane Integrale Bio de L'Antica Fornace</b> è davvero integrale! Viene prodotto con farina integrale del Mulino Marino, <b>lievito madre integrale</b>, sale grigio integrale e cotto in forno a legna.

La farina è biologica certificata e <strong>macinata a pietra naturale</strong>. Grazie a questo tipo di lavorazione il chicco viene macinato in maniera completa e a bassa temperatura, mantenendo intatte tutte le caratteristiche nutrizionali.

Il nostro <strong>pane integrale</strong> è  gustoso e profumato. Una delizia tutta da assaporare!]]></content:encoded>
					
					<wfw:commentRss>/prodotto/pane-integrale-bio-700g/feed/</wfw:commentRss>
			<slash:comments>2</slash:comments>
		
		
			</item>
	</channel>
</rss>
