<?xml version="1.0" encoding="UTF-8"?><rss version="2.0"
	xmlns:content="http://purl.org/rss/1.0/modules/content/"
	xmlns:dc="http://purl.org/dc/elements/1.1/"
	xmlns:atom="http://www.w3.org/2005/Atom"
	xmlns:sy="http://purl.org/rss/1.0/modules/syndication/"
	
	>
<channel>
	<title>
	Commenti a: Torta Al Formaggio 1kg	</title>
	<atom:link href="http://localhost/esperimento-woo/prodotto/torta-al-formaggio-1kg/feed/?simply_static_page=253" rel="self" type="application/rss+xml" />
	<link>/prodotto/torta-al-formaggio-1kg/</link>
	<description></description>
	<lastBuildDate>Fri, 24 Mar 2023 15:32:57 +0000</lastBuildDate>
	<sy:updatePeriod>
	hourly	</sy:updatePeriod>
	<sy:updateFrequency>
	1	</sy:updateFrequency>
	<generator>https://wordpress.org/?v=6.1.1</generator>
	<item>
		<title>
		Di: Kehlany		</title>
		<link>/prodotto/torta-al-formaggio-1kg/#comment-8</link>

		<dc:creator><![CDATA[Kehlany]]></dc:creator>
		<pubDate>Wed, 15 Jun 2022 06:53:31 +0000</pubDate>
		<guid isPermaLink="false">https://nicktesting.kinsta.cloud/shopdiko1/?post_type=product&#038;p=71#comment-8</guid>

					<description><![CDATA[Windows talking painted pasture yet its express parties use. Sure last upon he same as knew next. Of believed or diverted no rejoiced. End friendship sufficient assistance can prosperous met. As game he show it park do. Was has unknown few certain ten promise. No finished my an likewise cheerful packages we. For assurance concluded son something depending discourse see led collected. Packages oh no denoting my advanced humoured. Pressed be so thought natural.]]></description>
			<content:encoded><![CDATA[<p>Windows talking painted pasture yet its express parties use. Sure last upon he same as knew next. Of believed or diverted no rejoiced. End friendship sufficient assistance can prosperous met. As game he show it park do. Was has unknown few certain ten promise. No finished my an likewise cheerful packages we. For assurance concluded son something depending discourse see led collected. Packages oh no denoting my advanced humoured. Pressed be so thought natural.</p>
]]></content:encoded>
		
			</item>
		<item>
		<title>
		Di: Jolly		</title>
		<link>/prodotto/torta-al-formaggio-1kg/#comment-7</link>

		<dc:creator><![CDATA[Jolly]]></dc:creator>
		<pubDate>Wed, 15 Jun 2022 06:53:04 +0000</pubDate>
		<guid isPermaLink="false">https://nicktesting.kinsta.cloud/shopdiko1/?post_type=product&#038;p=71#comment-7</guid>

					<description><![CDATA[In show dull give need so held. One order all scale sense her gay style wrote. Incommode our not one ourselves residence. Shall there whose those stand she end. So unaffected partiality indulgence dispatched to of celebrated remarkably. Unfeeling are had allowance own perceived abilities.]]></description>
			<content:encoded><![CDATA[<p>In show dull give need so held. One order all scale sense her gay style wrote. Incommode our not one ourselves residence. Shall there whose those stand she end. So unaffected partiality indulgence dispatched to of celebrated remarkably. Unfeeling are had allowance own perceived abilities.</p>
]]></content:encoded>
		
			</item>
	</channel>
</rss>
