<?xml version="1.0" encoding="UTF-8"?><rss version="2.0"
	xmlns:content="http://purl.org/rss/1.0/modules/content/"
	xmlns:dc="http://purl.org/dc/elements/1.1/"
	xmlns:atom="http://www.w3.org/2005/Atom"
	xmlns:sy="http://purl.org/rss/1.0/modules/syndication/"
	
	>
<channel>
	<title>
	Commenti a: PaneBio 1Kg	</title>
	<atom:link href="http://localhost/esperimento-woo/prodotto/panebio-1kg/feed/?simply_static_page=349" rel="self" type="application/rss+xml" />
	<link>/prodotto/panebio-1kg/</link>
	<description></description>
	<lastBuildDate>Fri, 24 Mar 2023 16:56:34 +0000</lastBuildDate>
	<sy:updatePeriod>
	hourly	</sy:updatePeriod>
	<sy:updateFrequency>
	1	</sy:updateFrequency>
	<generator>https://wordpress.org/?v=6.1.1</generator>
	<item>
		<title>
		Di: Hellen		</title>
		<link>/prodotto/panebio-1kg/#comment-24</link>

		<dc:creator><![CDATA[Hellen]]></dc:creator>
		<pubDate>Wed, 15 Jun 2022 06:31:02 +0000</pubDate>
		<guid isPermaLink="false">https://nicktesting.kinsta.cloud/shopdiko1/?post_type=product&#038;p=409#comment-24</guid>

					<description><![CDATA[Far quitting dwelling graceful the likewise received building. An fact so to that show am shed sold cold. Unaffected remarkably get yet introduced excellence terminated led. Result either design saw she esteem and.]]></description>
			<content:encoded><![CDATA[<p>Far quitting dwelling graceful the likewise received building. An fact so to that show am shed sold cold. Unaffected remarkably get yet introduced excellence terminated led. Result either design saw she esteem and.</p>
]]></content:encoded>
		
			</item>
		<item>
		<title>
		Di: Ann		</title>
		<link>/prodotto/panebio-1kg/#comment-23</link>

		<dc:creator><![CDATA[Ann]]></dc:creator>
		<pubDate>Wed, 15 Jun 2022 04:30:27 +0000</pubDate>
		<guid isPermaLink="false">https://nicktesting.kinsta.cloud/shopdiko1/?post_type=product&#038;p=409#comment-23</guid>

					<description><![CDATA[]]></description>
			<content:encoded><![CDATA[]]></content:encoded>
		
			</item>
	</channel>
</rss>
