<?xml version="1.0" encoding="UTF-8"?><rss version="2.0"
	xmlns:content="http://purl.org/rss/1.0/modules/content/"
	xmlns:wfw="http://wellformedweb.org/CommentAPI/"
	xmlns:dc="http://purl.org/dc/elements/1.1/"
	xmlns:atom="http://www.w3.org/2005/Atom"
	xmlns:sy="http://purl.org/rss/1.0/modules/syndication/"
	xmlns:slash="http://purl.org/rss/1.0/modules/slash/"
	>

<channel>
	<title>FarinaTipo0 &#8211; L&#039;Antica Fornace</title>
	<atom:link href="http://localhost/esperimento-woo/tag-prodotto/farinatipo0/feed/?simply_static_page=384" rel="self" type="application/rss+xml" />
	<link></link>
	<description></description>
	<lastBuildDate>Fri, 24 Mar 2023 16:56:34 +0000</lastBuildDate>
	<language>it-IT</language>
	<sy:updatePeriod>
	hourly	</sy:updatePeriod>
	<sy:updateFrequency>
	1	</sy:updateFrequency>
	<generator>https://wordpress.org/?v=6.1.1</generator>

<image>
	<url>/wp-content/uploads/2023/03/cropped-Logo_panaderia_vintage_negro_gris-removebg-preview-1-32x32.png</url>
	<title>FarinaTipo0 &#8211; L&#039;Antica Fornace</title>
	<link></link>
	<width>32</width>
	<height>32</height>
</image> 
	<item>
		<title>PaneBio 1Kg</title>
		<link>/prodotto/panebio-1kg/</link>
					<comments>/prodotto/panebio-1kg/#comments</comments>
		
		<dc:creator><![CDATA[Francesco]]></dc:creator>
		<pubDate>Thu, 09 Jun 2022 07:48:52 +0000</pubDate>
				<guid isPermaLink="false">https://nicktesting.kinsta.cloud/shopdiko1/?post_type=product&#038;p=409</guid>

					<description><![CDATA[Il PaneBio da 1Kg è un <strong>pane biologico</strong>, realizzato ogni giorno con <strong>farina tipo 0</strong> del Mulino Marino e il nostro lievito madre, è formato a mano e cotto su pietra nel nostro<strong> forno a legna</strong>​.

<strong>Il PaneBio de L'Antica Fornace</strong> è un prodotto eccezionale per tutti i giorni, per valorizzare salumi, formaggi, insalate o per creare dei piatti che avranno <strong>un sapore unico. </strong>]]></description>
										<content:encoded><![CDATA[Il PaneBio da 1Kg è un <strong>pane biologico</strong>, realizzato ogni giorno con <strong>farina tipo 0</strong> del Mulino Marino e il nostro lievito madre, è formato a mano e cotto su pietra nel nostro<strong> forno a legna</strong>​.

<strong>Il PaneBio de L'Antica Fornace</strong> è un prodotto eccezionale per tutti i giorni, per valorizzare salumi, formaggi, insalate o per creare dei piatti che avranno <strong>un sapore unico. </strong>]]></content:encoded>
					
					<wfw:commentRss>/prodotto/panebio-1kg/feed/</wfw:commentRss>
			<slash:comments>2</slash:comments>
		
		
			</item>
		<item>
		<title>Baguette 350g</title>
		<link>/prodotto/baguette/</link>
					<comments>/prodotto/baguette/#comments</comments>
		
		<dc:creator><![CDATA[Francesco]]></dc:creator>
		<pubDate>Thu, 09 Jun 2022 07:43:58 +0000</pubDate>
				<guid isPermaLink="false">https://nicktesting.kinsta.cloud/shopdiko1/?post_type=product&#038;p=404</guid>

					<description><![CDATA[<strong>La Baguette de L'Antica Fornace</strong>, nasce dalla tradizione francese, ma è <strong>impastata a mano</strong> e sfornata in Italia dalle mani dei nostri panettieri tutti i giorni.

Prende vita dal perfetto equilibrio rapporto del lievito madre con la <strong>farina tipo 0</strong>.

Croccante fuori e morbida dentro, dà il meglio di sé se consumata lo stesso giorno dell’acquisto, magari leggermente tiepida: avrà una fragranza impagabile.]]></description>
										<content:encoded><![CDATA[<strong>La Baguette de L'Antica Fornace</strong>, nasce dalla tradizione francese, ma è <strong>impastata a mano</strong> e sfornata in Italia dalle mani dei nostri panettieri tutti i giorni.

Prende vita dal perfetto equilibrio rapporto del lievito madre con la <strong>farina tipo 0</strong>.

Croccante fuori e morbida dentro, dà il meglio di sé se consumata lo stesso giorno dell’acquisto, magari leggermente tiepida: avrà una fragranza impagabile.]]></content:encoded>
					
					<wfw:commentRss>/prodotto/baguette/feed/</wfw:commentRss>
			<slash:comments>2</slash:comments>
		
		
			</item>
	</channel>
</rss>
