<?xml version="1.0" encoding="UTF-8"?><rss version="2.0"
	xmlns:content="http://purl.org/rss/1.0/modules/content/"
	xmlns:wfw="http://wellformedweb.org/CommentAPI/"
	xmlns:dc="http://purl.org/dc/elements/1.1/"
	xmlns:atom="http://www.w3.org/2005/Atom"
	xmlns:sy="http://purl.org/rss/1.0/modules/syndication/"
	xmlns:slash="http://purl.org/rss/1.0/modules/slash/"
	>

<channel>
	<title>Focacce &#8211; L&#039;Antica Fornace</title>
	<atom:link href="http://localhost/esperimento-woo/tag-prodotto/focacce/feed/?simply_static_page=372" rel="self" type="application/rss+xml" />
	<link></link>
	<description></description>
	<lastBuildDate>Fri, 24 Mar 2023 16:56:24 +0000</lastBuildDate>
	<language>it-IT</language>
	<sy:updatePeriod>
	hourly	</sy:updatePeriod>
	<sy:updateFrequency>
	1	</sy:updateFrequency>
	<generator>https://wordpress.org/?v=6.1.1</generator>

<image>
	<url>/wp-content/uploads/2023/03/cropped-Logo_panaderia_vintage_negro_gris-removebg-preview-1-32x32.png</url>
	<title>Focacce &#8211; L&#039;Antica Fornace</title>
	<link></link>
	<width>32</width>
	<height>32</height>
</image> 
	<item>
		<title>Focaccia Barese 530g</title>
		<link>/prodotto/significant-other-faux-leather-dress/</link>
					<comments>/prodotto/significant-other-faux-leather-dress/#comments</comments>
		
		<dc:creator><![CDATA[Francesco]]></dc:creator>
		<pubDate>Thu, 09 Jun 2022 07:21:54 +0000</pubDate>
				<guid isPermaLink="false">https://nicktesting.kinsta.cloud/shopdiko1/?post_type=product&#038;p=380</guid>

					<description><![CDATA[<strong>Focaccia Barese de L'Antica Fornace</strong>: la focaccia barese è diventata un simbolo della Puglia e del <strong>Made in Italy</strong> in tutto il mondo.

Quella di <strong>L'Antica Fornace</strong> nasce secondo la ricetta originale e il risultato lo dimostra: saporita, croccante ai bordi e soffice al centro e ricoperta di pomodori.

<strong>I nostri panettieri</strong> l’hanno sfornata oggi: acquistala per una pausa pranzo gustosa o per uno spuntino saporito!]]></description>
										<content:encoded><![CDATA[<strong>Focaccia Barese de L'Antica Fornace</strong>: la focaccia barese è diventata un simbolo della Puglia e del <strong>Made in Italy</strong> in tutto il mondo.

Quella di <strong>L'Antica Fornace</strong> nasce secondo la ricetta originale e il risultato lo dimostra: saporita, croccante ai bordi e soffice al centro e ricoperta di pomodori.

<strong>I nostri panettieri</strong> l’hanno sfornata oggi: acquistala per una pausa pranzo gustosa o per uno spuntino saporito!]]></content:encoded>
					
					<wfw:commentRss>/prodotto/significant-other-faux-leather-dress/feed/</wfw:commentRss>
			<slash:comments>1</slash:comments>
		
		
			</item>
		<item>
		<title>Focaccia Genovese Bianca 100g</title>
		<link>/prodotto/focaccia-genovese-bianca-100g/</link>
					<comments>/prodotto/focaccia-genovese-bianca-100g/#comments</comments>
		
		<dc:creator><![CDATA[Francesco]]></dc:creator>
		<pubDate>Thu, 09 Jun 2022 07:17:33 +0000</pubDate>
				<guid isPermaLink="false">https://nicktesting.kinsta.cloud/shopdiko1/?post_type=product&#038;p=364</guid>

					<description><![CDATA[<strong>Focaccia Genovese Bianca 100g de L'Antica Fornace</strong>: ogni giorno sforniamo la vera focaccia genovese, preparata secondo la ricetta tradizionale ligure. Farina tipo 0, lievito di birra, sale, malto, olio extravergine e acqua sono gli unici ingredienti: il risultato è un prodotto da forno unto nella giusta misura, soffice e bianco/dorato.

In bocca la focaccia genovese bianca di L'Antica Fornace risulta equilibrata, <strong>mai gommosa</strong> e con qualche lieve sfumatura amarognola data dall’ottimo olio ligure: provala appena sfornata dai nostri panettieri!]]></description>
										<content:encoded><![CDATA[<strong>Focaccia Genovese Bianca 100g de L'Antica Fornace</strong>: ogni giorno sforniamo la vera focaccia genovese, preparata secondo la ricetta tradizionale ligure. Farina tipo 0, lievito di birra, sale, malto, olio extravergine e acqua sono gli unici ingredienti: il risultato è un prodotto da forno unto nella giusta misura, soffice e bianco/dorato.

In bocca la focaccia genovese bianca di L'Antica Fornace risulta equilibrata, <strong>mai gommosa</strong> e con qualche lieve sfumatura amarognola data dall’ottimo olio ligure: provala appena sfornata dai nostri panettieri!]]></content:encoded>
					
					<wfw:commentRss>/prodotto/focaccia-genovese-bianca-100g/feed/</wfw:commentRss>
			<slash:comments>2</slash:comments>
		
		
			</item>
		<item>
		<title>Focaccia Con Cipolle 150g</title>
		<link>/prodotto/focaccia-con-cipolle-150g/</link>
					<comments>/prodotto/focaccia-con-cipolle-150g/#comments</comments>
		
		<dc:creator><![CDATA[Francesco]]></dc:creator>
		<pubDate>Tue, 07 Jun 2022 10:21:37 +0000</pubDate>
				<guid isPermaLink="false">https://nicktesting.kinsta.cloud/shopdiko1/?post_type=product&#038;p=83</guid>

					<description><![CDATA[<strong>Focaccia con Cipolle</strong> de <strong>L'Antica Fornac</strong>e: uno sfizio golosissimo, perfetta per ogni momento in cui vuoi concederti una pausa e una piccola coccola.

Appartiene alla tradizione ligure, ed in particolare a Genova è un prodotto particolarmente diffuso ed amato, tanto che viene considerata da molti una vera istituzione, al pari della focaccia più standard. L'impasto morbido e ricco di olio, viene arricchito in questa versione da gusto inconfondibile della cipolla, che regala un tocco di originalità e di sapore a cui è davvero difficile resistere.

Provala come sostituto del pane o da sola, per merenda.]]></description>
										<content:encoded><![CDATA[<strong>Focaccia con Cipolle</strong> de <strong>L'Antica Fornac</strong>e: uno sfizio golosissimo, perfetta per ogni momento in cui vuoi concederti una pausa e una piccola coccola.

Appartiene alla tradizione ligure, ed in particolare a Genova è un prodotto particolarmente diffuso ed amato, tanto che viene considerata da molti una vera istituzione, al pari della focaccia più standard. L'impasto morbido e ricco di olio, viene arricchito in questa versione da gusto inconfondibile della cipolla, che regala un tocco di originalità e di sapore a cui è davvero difficile resistere.

Provala come sostituto del pane o da sola, per merenda.]]></content:encoded>
					
					<wfw:commentRss>/prodotto/focaccia-con-cipolle-150g/feed/</wfw:commentRss>
			<slash:comments>1</slash:comments>
		
		
			</item>
	</channel>
</rss>
