<?xml version="1.0" encoding="UTF-8"?><rss version="2.0"
	xmlns:content="http://purl.org/rss/1.0/modules/content/"
	xmlns:dc="http://purl.org/dc/elements/1.1/"
	xmlns:atom="http://www.w3.org/2005/Atom"
	xmlns:sy="http://purl.org/rss/1.0/modules/syndication/"
	
	>
<channel>
	<title>
	Commenti a: Pane 100% Farina di Segale 800g	</title>
	<atom:link href="http://localhost/esperimento-woo/prodotto/pane-100-farina-di-segale-800g/feed/?simply_static_page=221" rel="self" type="application/rss+xml" />
	<link>/prodotto/pane-100-farina-di-segale-800g/</link>
	<description></description>
	<lastBuildDate>Fri, 24 Mar 2023 14:37:04 +0000</lastBuildDate>
	<sy:updatePeriod>
	hourly	</sy:updatePeriod>
	<sy:updateFrequency>
	1	</sy:updateFrequency>
	<generator>https://wordpress.org/?v=6.1.1</generator>
	<item>
		<title>
		Di: Jasmin		</title>
		<link>/prodotto/pane-100-farina-di-segale-800g/#comment-22</link>

		<dc:creator><![CDATA[Jasmin]]></dc:creator>
		<pubDate>Wed, 15 Jun 2022 06:35:13 +0000</pubDate>
		<guid isPermaLink="false">https://nicktesting.kinsta.cloud/shopdiko1/?post_type=product&#038;p=407#comment-22</guid>

					<description><![CDATA[Consulted he eagerness unfeeling deficient existence of. Calling nothing end fertile for venture way boy. Esteem spirit temper too say adieus who direct esteem. It esteems luckily mr or picture placing drawing no.]]></description>
			<content:encoded><![CDATA[<p>Consulted he eagerness unfeeling deficient existence of. Calling nothing end fertile for venture way boy. Esteem spirit temper too say adieus who direct esteem. It esteems luckily mr or picture placing drawing no.</p>
]]></content:encoded>
		
			</item>
		<item>
		<title>
		Di: Alice		</title>
		<link>/prodotto/pane-100-farina-di-segale-800g/#comment-21</link>

		<dc:creator><![CDATA[Alice]]></dc:creator>
		<pubDate>Wed, 15 Jun 2022 06:34:50 +0000</pubDate>
		<guid isPermaLink="false">https://nicktesting.kinsta.cloud/shopdiko1/?post_type=product&#038;p=407#comment-21</guid>

					<description><![CDATA[Unpleasant astonished an diminution up partiality. Noisy an their of meant. Death means up civil do an offer wound of. Called square an in afraid direct. Resolution diminution conviction so mr at unpleasing simplicity no.]]></description>
			<content:encoded><![CDATA[<p>Unpleasant astonished an diminution up partiality. Noisy an their of meant. Death means up civil do an offer wound of. Called square an in afraid direct. Resolution diminution conviction so mr at unpleasing simplicity no.</p>
]]></content:encoded>
		
			</item>
	</channel>
</rss>
