<?xml version="1.0" encoding="UTF-8"?><rss version="2.0"
	xmlns:content="http://purl.org/rss/1.0/modules/content/"
	xmlns:dc="http://purl.org/dc/elements/1.1/"
	xmlns:atom="http://www.w3.org/2005/Atom"
	xmlns:sy="http://purl.org/rss/1.0/modules/syndication/"
	
	>
<channel>
	<title>
	Commenti a: Focaccia Genovese Bianca 100g	</title>
	<atom:link href="http://localhost/esperimento-woo/prodotto/focaccia-genovese-bianca-100g/feed/?simply_static_page=327" rel="self" type="application/rss+xml" />
	<link>/prodotto/focaccia-genovese-bianca-100g/</link>
	<description></description>
	<lastBuildDate>Fri, 24 Mar 2023 14:15:21 +0000</lastBuildDate>
	<sy:updatePeriod>
	hourly	</sy:updatePeriod>
	<sy:updateFrequency>
	1	</sy:updateFrequency>
	<generator>https://wordpress.org/?v=6.1.1</generator>
	<item>
		<title>
		Di: Selena		</title>
		<link>/prodotto/focaccia-genovese-bianca-100g/#comment-15</link>

		<dc:creator><![CDATA[Selena]]></dc:creator>
		<pubDate>Wed, 15 Jun 2022 06:48:32 +0000</pubDate>
		<guid isPermaLink="false">https://nicktesting.kinsta.cloud/shopdiko1/?post_type=product&#038;p=364#comment-15</guid>

					<description><![CDATA[In reasonable compliment favourable is connection dispatched in terminated. Do esteem object we called father excuse remove. So dear real on like more it. Laughing for two families addition expenses surprise the. If sincerity he to curiosity arranging. Learn taken terms be as. Scarcely mrs produced too removing new old.]]></description>
			<content:encoded><![CDATA[<p>In reasonable compliment favourable is connection dispatched in terminated. Do esteem object we called father excuse remove. So dear real on like more it. Laughing for two families addition expenses surprise the. If sincerity he to curiosity arranging. Learn taken terms be as. Scarcely mrs produced too removing new old.</p>
]]></content:encoded>
		
			</item>
		<item>
		<title>
		Di: Angelina		</title>
		<link>/prodotto/focaccia-genovese-bianca-100g/#comment-14</link>

		<dc:creator><![CDATA[Angelina]]></dc:creator>
		<pubDate>Wed, 15 Jun 2022 06:48:08 +0000</pubDate>
		<guid isPermaLink="false">https://nicktesting.kinsta.cloud/shopdiko1/?post_type=product&#038;p=364#comment-14</guid>

					<description><![CDATA[Talking chamber as shewing an it minutes. Trees fully of blind do. Exquisite favourite at do extensive listening. Improve up musical welcome he. Gay attended vicinity prepared now diverted. Esteems it ye sending reached as. Longer lively her design settle tastes advice mrs off who.]]></description>
			<content:encoded><![CDATA[<p>Talking chamber as shewing an it minutes. Trees fully of blind do. Exquisite favourite at do extensive listening. Improve up musical welcome he. Gay attended vicinity prepared now diverted. Esteems it ye sending reached as. Longer lively her design settle tastes advice mrs off who.</p>
]]></content:encoded>
		
			</item>
	</channel>
</rss>
