<?xml version="1.0" encoding="UTF-8"?><rss version="2.0"
	xmlns:content="http://purl.org/rss/1.0/modules/content/"
	xmlns:dc="http://purl.org/dc/elements/1.1/"
	xmlns:atom="http://www.w3.org/2005/Atom"
	xmlns:sy="http://purl.org/rss/1.0/modules/syndication/"
	
	>
<channel>
	<title>
	Commenti a: Torta Alle Mele 550g	</title>
	<atom:link href="http://localhost/esperimento-woo/prodotto/torta-alle-mele-500g/feed/?simply_static_page=247" rel="self" type="application/rss+xml" />
	<link>/prodotto/torta-alle-mele-500g/</link>
	<description></description>
	<lastBuildDate>Fri, 24 Mar 2023 16:55:55 +0000</lastBuildDate>
	<sy:updatePeriod>
	hourly	</sy:updatePeriod>
	<sy:updateFrequency>
	1	</sy:updateFrequency>
	<generator>https://wordpress.org/?v=6.1.1</generator>
	<item>
		<title>
		Di: Hellen		</title>
		<link>/prodotto/torta-alle-mele-500g/#comment-4</link>

		<dc:creator><![CDATA[Hellen]]></dc:creator>
		<pubDate>Wed, 15 Jun 2022 06:54:34 +0000</pubDate>
		<guid isPermaLink="false">https://nicktesting.kinsta.cloud/shopdiko1/?post_type=product&#038;p=53#comment-4</guid>

					<description><![CDATA[Whether article spirits new her covered hastily sitting her. Money witty books nor son add. Chicken age had evening believe but proceed pretend mrs. At missed advice my it no sister. Miss told ham dull knew see she spot near can. Spirit her entire her called.]]></description>
			<content:encoded><![CDATA[<p>Whether article spirits new her covered hastily sitting her. Money witty books nor son add. Chicken age had evening believe but proceed pretend mrs. At missed advice my it no sister. Miss told ham dull knew see she spot near can. Spirit her entire her called.</p>
]]></content:encoded>
		
			</item>
		<item>
		<title>
		Di: Dreamy		</title>
		<link>/prodotto/torta-alle-mele-500g/#comment-6</link>

		<dc:creator><![CDATA[Dreamy]]></dc:creator>
		<pubDate>Wed, 15 Jun 2022 04:55:35 +0000</pubDate>
		<guid isPermaLink="false">https://nicktesting.kinsta.cloud/shopdiko1/?post_type=product&#038;p=53#comment-6</guid>

					<description><![CDATA[]]></description>
			<content:encoded><![CDATA[]]></content:encoded>
		
			</item>
		<item>
		<title>
		Di: Ariana		</title>
		<link>/prodotto/torta-alle-mele-500g/#comment-5</link>

		<dc:creator><![CDATA[Ariana]]></dc:creator>
		<pubDate>Wed, 15 Jun 2022 04:55:00 +0000</pubDate>
		<guid isPermaLink="false">https://nicktesting.kinsta.cloud/shopdiko1/?post_type=product&#038;p=53#comment-5</guid>

					<description><![CDATA[]]></description>
			<content:encoded><![CDATA[]]></content:encoded>
		
			</item>
	</channel>
</rss>
