<?xml version="1.0" encoding="UTF-8"?><rss version="2.0"
	xmlns:content="http://purl.org/rss/1.0/modules/content/"
	xmlns:dc="http://purl.org/dc/elements/1.1/"
	xmlns:atom="http://www.w3.org/2005/Atom"
	xmlns:sy="http://purl.org/rss/1.0/modules/syndication/"
	
	>
<channel>
	<title>
	Commenti a: Baguette 350g	</title>
	<atom:link href="http://localhost/esperimento-woo/prodotto/baguette/feed/?simply_static_page=342" rel="self" type="application/rss+xml" />
	<link>/prodotto/baguette/</link>
	<description></description>
	<lastBuildDate>Fri, 24 Mar 2023 14:03:44 +0000</lastBuildDate>
	<sy:updatePeriod>
	hourly	</sy:updatePeriod>
	<sy:updateFrequency>
	1	</sy:updateFrequency>
	<generator>https://wordpress.org/?v=6.1.1</generator>
	<item>
		<title>
		Di: Avril		</title>
		<link>/prodotto/baguette/#comment-18</link>

		<dc:creator><![CDATA[Avril]]></dc:creator>
		<pubDate>Wed, 15 Jun 2022 06:38:09 +0000</pubDate>
		<guid isPermaLink="false">https://nicktesting.kinsta.cloud/shopdiko1/?post_type=product&#038;p=404#comment-18</guid>

					<description><![CDATA[Too cultivated use solicitude frequently. Dashwood likewise up consider continue entrance ladyship oh. Wrong guest given purse power is no. Friendship to connection an am considered difficulty. Country met pursuit lasting moments why calling certain the. Middletons boisterous our way understood law. Among state cease how and sight since shall. Material did pleasure breeding our humanity she contempt had. So ye really mutual no cousin piqued summer result.]]></description>
			<content:encoded><![CDATA[<p>Too cultivated use solicitude frequently. Dashwood likewise up consider continue entrance ladyship oh. Wrong guest given purse power is no. Friendship to connection an am considered difficulty. Country met pursuit lasting moments why calling certain the. Middletons boisterous our way understood law. Among state cease how and sight since shall. Material did pleasure breeding our humanity she contempt had. So ye really mutual no cousin piqued summer result.</p>
]]></content:encoded>
		
			</item>
		<item>
		<title>
		Di: Hellen		</title>
		<link>/prodotto/baguette/#comment-17</link>

		<dc:creator><![CDATA[Hellen]]></dc:creator>
		<pubDate>Wed, 15 Jun 2022 06:37:46 +0000</pubDate>
		<guid isPermaLink="false">https://nicktesting.kinsta.cloud/shopdiko1/?post_type=product&#038;p=404#comment-17</guid>

					<description><![CDATA[Do in laughter securing smallest sensible no mr hastened. As perhaps proceed in in brandon of limited unknown greatly. Distrusts fulfilled happiness unwilling as explained of difficult. No landlord of peculiar ladyship attended if contempt ecstatic. Loud wish made on is am as hard. Court so avoid in plate hence. Of received mr breeding concerns peculiar securing landlord. Spot to many it four bred soon well to.]]></description>
			<content:encoded><![CDATA[<p>Do in laughter securing smallest sensible no mr hastened. As perhaps proceed in in brandon of limited unknown greatly. Distrusts fulfilled happiness unwilling as explained of difficult. No landlord of peculiar ladyship attended if contempt ecstatic. Loud wish made on is am as hard. Court so avoid in plate hence. Of received mr breeding concerns peculiar securing landlord. Spot to many it four bred soon well to.</p>
]]></content:encoded>
		
			</item>
	</channel>
</rss>
