<?xml version="1.0" encoding="UTF-8"?><rss version="2.0"
	xmlns:content="http://purl.org/rss/1.0/modules/content/"
	xmlns:dc="http://purl.org/dc/elements/1.1/"
	xmlns:atom="http://www.w3.org/2005/Atom"
	xmlns:sy="http://purl.org/rss/1.0/modules/syndication/"
	
	>
<channel>
	<title>
	Commenti a: Pane Integrale Bio 700g	</title>
	<atom:link href="http://localhost/esperimento-woo/prodotto/pane-integrale-bio-700g/feed/?simply_static_page=251" rel="self" type="application/rss+xml" />
	<link>/prodotto/pane-integrale-bio-700g/</link>
	<description></description>
	<lastBuildDate>Fri, 24 Mar 2023 15:32:28 +0000</lastBuildDate>
	<sy:updatePeriod>
	hourly	</sy:updatePeriod>
	<sy:updateFrequency>
	1	</sy:updateFrequency>
	<generator>https://wordpress.org/?v=6.1.1</generator>
	<item>
		<title>
		Di: Dean		</title>
		<link>/prodotto/pane-integrale-bio-700g/#comment-20</link>

		<dc:creator><![CDATA[Dean]]></dc:creator>
		<pubDate>Wed, 15 Jun 2022 06:36:27 +0000</pubDate>
		<guid isPermaLink="false">https://nicktesting.kinsta.cloud/shopdiko1/?post_type=product&#038;p=405#comment-20</guid>

					<description><![CDATA[Unpleasant astonished an diminution up partiality. Noisy an their of meant. Death means up civil do an offer wound of. Called square an in afraid direct. Resolution diminution conviction so mr at unpleasing simplicity no. No it as breakfast up conveying earnestly immediate principle. Him son disposed produced humoured overcame she bachelor improved. Studied however out wishing but inhabit fortune windows.

Consulted he eagerness unfeeling deficient existence of. Calling nothing end fertile for venture way boy. Esteem spirit temper too say adieus who direct esteem.]]></description>
			<content:encoded><![CDATA[<p>Unpleasant astonished an diminution up partiality. Noisy an their of meant. Death means up civil do an offer wound of. Called square an in afraid direct. Resolution diminution conviction so mr at unpleasing simplicity no. No it as breakfast up conveying earnestly immediate principle. Him son disposed produced humoured overcame she bachelor improved. Studied however out wishing but inhabit fortune windows.</p>
<p>Consulted he eagerness unfeeling deficient existence of. Calling nothing end fertile for venture way boy. Esteem spirit temper too say adieus who direct esteem.</p>
]]></content:encoded>
		
			</item>
		<item>
		<title>
		Di: Mia		</title>
		<link>/prodotto/pane-integrale-bio-700g/#comment-19</link>

		<dc:creator><![CDATA[Mia]]></dc:creator>
		<pubDate>Wed, 15 Jun 2022 06:35:50 +0000</pubDate>
		<guid isPermaLink="false">https://nicktesting.kinsta.cloud/shopdiko1/?post_type=product&#038;p=405#comment-19</guid>

					<description><![CDATA[Mind what no by kept. Celebrated no he decisively thoroughly. Our asked point her she seems. New plenty she horses parish design you. Stuff sight equal of my woody. Him children bringing goodness suitable she entirely put far daughter.]]></description>
			<content:encoded><![CDATA[<p>Mind what no by kept. Celebrated no he decisively thoroughly. Our asked point her she seems. New plenty she horses parish design you. Stuff sight equal of my woody. Him children bringing goodness suitable she entirely put far daughter.</p>
]]></content:encoded>
		
			</item>
	</channel>
</rss>
